order_id,customer_id,order_date,product_id,category,quantity,unit_price,region,delivery_days,is_returned,promotion_applied
A0,C151,2022-02-03,P7,Mobile,0,738.56,East,1,0,0
A1,C192,2022-04-21,P10,Home,3,1793.57,North,4,0,0
A2,C114,2022-09-21,P19,Home,0,4057.74,North,2,1,1
A3,C171,2022-08-24,P19,Clothing,3,1307.11,West,8,0,1
A4,C160,2022-03-24,P12,Clothing,1,409.94,North,3,0,0
A5,C120,2022-02-11,P3,Clothing,4,745.38,East,7,1,0
A6,C182,2022-04-11,P13,Electronics,5,4307.85,South,7,0,0
A7,C186,2022-01-06,P18,Clothing,1,3205.54,West,9,0,0
A8,C174,2022-06-29,P8,Home,3,1340.69,East,6,0,0
A9,C174,2022-10-09,P15,Mobile,3,2820.95,South,1,0,0
A10,C187,2022-11-16,P1,Electronics,3,2685.14,West,8,0,0
A11,C199,2022-08-14,P3,Clothing,2,3311.64,West,1,0,0
A12,C123,2022-11-11,P8,Electronics,3,1242.62,South,3,0,0
A13,C102,2022-12-31,P4,Electronics,3,4335.57,South,5,0,0
A14,C121,2022-08-17,P16,Clothing,4,1615.91,East,8,1,0
A15,C152,2022-10-16,P10,Electronics,3,3501.25,North,9,0,0
A16,C101,2022-05-30,P12,Mobile,1,179.01,North,7,0,0
A17,C187,2022-10-04,P14,Home,2,1926.02,North,9,0,0
A18,C129,2022-07-17,P14,Home,4,1823.38,North,3,0,0
A19,C137,2022-03-11,P2,Mobile,1,2763.07,North,5,0,0
A20,C101,2022-04-22,P5,Electronics,4,456.41,East,8,0,0
A21,C163,2022-01-04,P5,Clothing,2,3971.64,West,1,0,0
A22,C159,2022-12-16,P6,Electronics,1,1167.13,East,8,0,0
A23,C120,2022-11-27,P13,Mobile,5,3417.49,East,7,0,0
A24,C132,2022-11-14,P9,Electronics,6,4035.74,East,1,0,0
A25,C175,2022-12-16,P15,Home,1,2853.2,West,6,0,0
A26,C157,2022-04-05,P14,Electronics,7,3730.33,East,1,0,1
A27,C121,2022-06-01,P7,Mobile,4,3343.12,East,2,0,1
A28,C188,2022-11-07,P2,Home,3,1842.1,West,5,0,0
A29,C148,2022-05-17,P7,Electronics,3,4063.41,East,2,0,1
A30,C190,2022-09-04,P6,Electronics,0,1544.04,North,1,0,0
A31,C158,2022-08-31,P17,Home,3,2898.94,South,6,1,0
A32,C141,2022-01-31,P2,Clothing,3,3752.45,East,8,1,0
A33,C191,2022-02-09,P3,Home,1,1956.88,South,8,1,1
A34,C159,2022-08-17,P5,Clothing,0,1583.56,East,8,0,0
A35,C179,2022-02-05,P5,Mobile,2,2350.8,East,6,0,1
A36,C114,2022-08-11,P1,Mobile,4,4108.02,North,3,0,0
A37,C161,2022-01-06,P8,Home,6,4656.62,West,1,1,0
A38,C161,2022-11-18,P12,Home,3,2770.91,South,2,0,0
A39,C146,2022-08-08,P4,Mobile,3,3341.18,West,5,0,0
A40,C161,2022-03-16,P13,Clothing,2,4526.04,North,5,0,0
A41,C150,2022-01-04,P15,Mobile,1,582.88,North,1,0,0
A42,C154,2022-12-01,P11,Home,0,1237.19,South,1,0,0
A43,C163,2022-05-14,P10,Mobile,2,3573.61,West,9,0,0
A44,C102,2022-04-28,P3,Home,6,4136.35,North,2,0,0
A45,C150,2022-04-04,P14,Home,6,4299.44,East,7,0,1
A46,C106,2022-03-03,P16,Mobile,3,2134.03,East,4,0,0
A47,C120,2022-07-13,P10,Clothing,3,537.77,East,7,0,0
A48,C172,2022-12-01,P10,Electronics,2,2245.13,West,8,1,0
A49,C138,2022-07-22,P12,Mobile,5,1230.6,East,5,0,0
A50,C117,2022-01-26,P9,Electronics,3,1526.86,East,1,0,1
A51,C103,2022-06-22,P1,Mobile,2,3884.11,North,4,0,1
A52,C188,2022-10-27,P5,Electronics,2,470.08,North,3,0,0
A53,C159,2022-05-13,P8,Clothing,2,4155.15,East,5,0,0
A54,C113,2022-11-22,P11,Clothing,3,2195.58,East,6,0,1
A55,C108,2022-04-28,P12,Mobile,1,3020.71,North,2,0,1
A56,C189,2022-11-20,P1,Home,6,539.3,South,7,0,1
A57,C152,2022-10-02,P11,Electronics,4,1753.06,West,3,0,1
A58,C101,2022-07-31,P5,Home,6,539.53,West,1,0,0
A59,C183,2022-08-13,P15,Home,2,4811.56,North,3,0,0
A60,C191,2022-01-20,P5,Home,5,4055.58,West,9,0,0
A61,C159,2022-04-23,P12,Clothing,2,2352.2,North,6,0,0
A62,C170,2022-05-20,P5,Mobile,3,1195.65,North,6,0,0
A63,C143,2022-02-16,P17,Mobile,6,4673.93,North,4,0,0
A64,C107,2022-01-01,P17,Clothing,6,1788.52,North,8,0,0
A65,C146,2022-03-31,P12,Clothing,5,888.82,South,5,0,0
A66,C134,2022-05-22,P15,Mobile,4,2859.51,East,7,0,0
A67,C177,2022-11-16,P15,Home,3,4724.49,East,9,0,0
A68,C180,2022-02-07,P6,Electronics,1,118.77,South,5,0,0
A69,C135,2022-10-20,P12,Electronics,4,1266.81,West,5,0,1
A70,C149,2022-05-19,P18,Electronics,3,4698.39,West,4,1,1
A71,C103,2022-12-22,P14,Home,4,938.32,East,6,0,0
A72,C101,2022-11-29,P2,Mobile,2,654.89,West,2,0,0
A73,C105,2022-09-16,P9,Clothing,2,2893.92,East,3,0,0
A74,C153,2022-06-10,P5,Mobile,4,4323.03,East,1,0,0
A75,C103,2022-06-27,P1,Home,4,2437.84,South,2,0,0
A76,C153,2022-01-10,P3,Clothing,1,4973.36,West,2,0,0
A77,C192,2022-09-18,P6,Home,2,3427.94,South,8,0,1
A78,C162,2022-05-18,P5,Electronics,4,462.97,East,8,0,0
A79,C117,2022-06-21,P5,Electronics,2,4964.88,East,2,0,0
A80,C189,2022-01-13,P1,Home,3,2098.68,East,6,0,0
A81,C143,2022-06-17,P17,Clothing,5,1508.27,North,5,0,0
A82,C133,2022-05-10,P19,Clothing,2,2833.61,North,3,0,0
A83,C173,2022-03-25,P14,Mobile,2,1591.11,North,5,0,1
A84,C161,2022-11-17,P12,Electronics,2,523.64,South,5,0,0
A85,C199,2022-11-15,P10,Mobile,2,107.0,East,5,0,0
A86,C113,2022-04-11,P18,Mobile,4,2302.96,West,3,1,0
A87,C194,2022-11-25,P11,Home,2,4200.63,South,3,0,0
A88,C147,2022-09-30,P2,Home,2,2904.34,South,4,0,0
A89,C114,2022-09-22,P18,Mobile,3,4996.12,South,7,0,0
A90,C171,2022-02-07,P7,Electronics,2,1505.55,West,2,0,0
A91,C177,2022-04-04,P15,Home,2,1474.23,East,4,0,0
A92,C186,2022-04-05,P11,Mobile,2,882.77,North,4,0,1
A93,C161,2022-11-01,P18,Mobile,5,903.91,East,1,0,0
A94,C139,2022-03-10,P12,Mobile,4,1497.41,East,8,1,0
A95,C184,2022-11-14,P6,Mobile,4,3984.92,South,1,0,0
A96,C179,2022-08-24,P13,Mobile,4,4538.21,South,8,0,0
A97,C181,2022-11-30,P16,Mobile,4,4877.93,South,7,1,0
A98,C152,2022-05-17,P18,Home,4,1238.22,North,9,0,0
A99,C123,2022-03-17,P10,Electronics,0,4418.36,North,8,0,0
A100,C125,2022-02-04,P8,Mobile,1,1708.45,North,5,0,0
A101,C188,2022-01-01,P18,Clothing,4,652.92,East,8,0,0
A102,C159,2022-10-23,P1,Home,1,4363.12,South,3,0,0
A103,C140,2022-11-16,P8,Home,4,3216.92,West,7,0,0
A104,C128,2022-03-01,P6,Mobile,1,907.18,East,4,0,0
A105,C114,2022-11-16,P5,Home,2,2206.17,North,5,0,1
A106,C144,2022-12-15,P15,Mobile,2,1507.56,West,9,0,0
A107,C164,2022-11-24,P15,Electronics,1,3710.29,West,7,0,0
A108,C188,2022-09-24,P2,Electronics,4,2321.74,South,4,0,0
A109,C170,2022-12-27,P1,Home,7,4947.47,West,6,1,0
A110,C108,2022-08-17,P11,Home,3,368.25,North,7,0,0
A111,C187,2022-09-27,P10,Clothing,4,1839.57,South,9,1,1
A112,C100,2022-11-12,P18,Home,5,2461.31,West,4,0,0
A113,C107,2022-10-13,P18,Clothing,3,2565.35,South,3,0,1
A114,C187,2022-10-18,P17,Electronics,2,1648.09,West,8,0,0
A115,C162,2022-08-01,P8,Electronics,3,3673.28,East,1,0,0
A116,C110,2022-06-14,P15,Mobile,2,4386.26,East,9,1,0
A117,C180,2022-01-05,P8,Electronics,2,4699.72,North,1,0,0
A118,C107,2022-12-05,P17,Clothing,4,4044.96,East,2,0,0
A119,C134,2022-03-19,P12,Home,1,4267.84,East,8,0,1
A120,C134,2022-03-03,P8,Mobile,5,2797.67,East,9,0,0
A121,C132,2022-05-12,P14,Clothing,2,4146.85,West,7,0,1
A122,C104,2022-03-30,P4,Home,3,1587.17,West,3,0,1
A123,C140,2022-08-25,P1,Mobile,6,2052.55,South,7,0,1
A124,C127,2022-02-11,P1,Electronics,3,1652.87,West,6,0,0
A125,C106,2022-03-30,P19,Clothing,3,2390.2,East,2,0,0
A126,C172,2022-10-23,P16,Home,7,1499.34,West,3,0,0
A127,C171,2022-11-24,P14,Mobile,3,4811.9,North,5,0,0
A128,C111,2022-10-22,P16,Mobile,1,1632.94,South,4,0,0
A129,C133,2022-04-14,P5,Electronics,0,580.42,South,2,0,0
A130,C132,2022-01-14,P9,Home,3,2681.4,West,4,0,0
A131,C147,2022-10-15,P2,Electronics,1,379.79,East,8,0,1
A132,C122,2022-06-28,P18,Electronics,2,641.66,South,5,0,1
A133,C161,2022-05-05,P6,Home,1,1175.01,North,5,0,0
A134,C187,2022-12-19,P9,Home,3,2375.32,North,3,0,0
A135,C136,2022-01-23,P1,Home,1,2222.93,South,8,0,0
A136,C198,2022-03-04,P9,Clothing,2,4018.49,East,6,0,0
A137,C143,2022-05-23,P16,Home,4,3723.43,East,2,0,0
A138,C185,2022-06-02,P13,Mobile,3,2188.96,West,2,0,0
A139,C190,2022-05-25,P9,Electronics,4,1735.15,West,9,0,0
A140,C134,2022-08-13,P13,Clothing,2,1650.7,South,7,0,0
A141,C164,2022-11-05,P9,Home,2,3892.58,West,9,0,0
A142,C198,2022-04-14,P11,Clothing,3,355.15,West,6,0,0
A143,C146,2022-04-14,P4,Home,1,162.83,West,5,0,1
A144,C177,2022-02-08,P2,Clothing,2,3998.17,North,1,0,0
A145,C102,2022-07-17,P6,Electronics,4,2438.02,West,6,0,0
A146,C100,2022-05-14,P14,Electronics,6,741.32,South,6,0,0
A147,C104,2022-03-08,P4,Mobile,4,1254.27,East,3,0,0
A148,C189,2022-06-28,P6,Mobile,1,4669.27,West,3,0,0
A149,C113,2022-02-11,P19,Home,4,4311.56,East,3,0,0
A150,C126,2022-01-15,P6,Electronics,4,3577.95,West,3,0,0
A151,C108,2022-04-21,P2,Clothing,1,2462.9,South,7,0,0
A152,C178,2022-06-06,P18,Clothing,5,2649.59,North,2,0,0
A153,C114,2022-10-16,P13,Clothing,2,4878.7,South,2,0,0
A154,C189,2022-08-19,P9,Mobile,1,4832.28,North,3,0,0
A155,C141,2022-06-06,P19,Clothing,4,1154.82,West,7,0,0
A156,C176,2022-02-07,P13,Mobile,3,4074.41,West,3,0,0
A157,C150,2022-04-07,P11,Mobile,3,1066.49,North,7,0,1
A158,C162,2022-10-16,P1,Home,6,1146.33,South,9,0,1
A159,C195,2022-09-11,P7,Clothing,4,3412.86,South,4,0,0
A160,C151,2022-07-15,P15,Clothing,9,2084.51,North,7,0,1
A161,C195,2022-03-27,P1,Electronics,3,4664.57,West,9,1,0
A162,C103,2022-11-18,P12,Home,2,536.15,North,8,0,1
A163,C193,2022-01-10,P7,Electronics,3,2606.48,West,8,0,0
A164,C122,2022-01-05,P15,Home,2,4600.76,North,9,0,0
A165,C114,2022-05-03,P19,Clothing,5,4530.16,West,5,0,1
A166,C142,2022-11-26,P1,Mobile,4,866.99,North,5,1,0
A167,C128,2022-12-19,P17,Mobile,3,1896.52,East,3,0,0
A168,C135,2022-04-28,P17,Mobile,5,3133.69,West,5,0,0
A169,C112,2022-10-21,P3,Mobile,3,881.03,South,8,0,0
A170,C131,2022-06-08,P12,Mobile,1,4843.31,North,5,0,0
A171,C170,2022-10-30,P6,Electronics,3,4582.27,South,4,0,0
A172,C158,2022-08-16,P11,Home,7,918.06,North,8,0,1
A173,C185,2022-12-31,P3,Clothing,3,693.66,South,7,0,0
A174,C127,2022-08-04,P8,Electronics,2,518.5,South,6,0,1
A175,C165,2022-07-03,P14,Home,5,4556.27,North,5,0,1
A176,C141,2022-01-15,P14,Mobile,2,1048.76,North,5,1,0
A177,C144,2022-06-06,P10,Home,4,2139.8,South,2,0,0
A178,C161,2022-05-16,P2,Home,1,2299.37,South,4,0,1
A179,C156,2022-09-18,P14,Mobile,3,3035.15,South,8,0,0
A180,C105,2022-06-06,P9,Mobile,8,451.5,West,8,0,0
A181,C127,2022-02-16,P3,Mobile,3,1211.12,West,1,0,0
A182,C127,2022-11-20,P8,Clothing,5,4664.3,East,2,0,0
A183,C143,2022-11-28,P16,Mobile,6,4551.21,West,5,0,0
A184,C183,2022-06-22,P2,Clothing,5,3928.32,West,9,1,0
A185,C129,2022-05-10,P6,Mobile,4,195.07,North,7,0,0
A186,C161,2022-04-05,P12,Clothing,3,1702.33,East,5,0,0
A187,C174,2022-04-25,P5,Home,4,3177.0,East,1,1,1
A188,C191,2022-08-31,P2,Electronics,0,1448.43,West,6,1,0
A189,C188,2022-10-19,P16,Home,8,4556.97,North,8,0,1
A190,C161,2022-10-09,P5,Home,2,3206.06,North,7,0,0
A191,C196,2022-10-26,P15,Mobile,4,452.34,East,2,0,0
A192,C100,2022-10-10,P12,Clothing,0,4554.13,North,5,1,0
A193,C126,2022-03-10,P4,Electronics,1,4793.06,South,4,0,1
A194,C161,2022-05-28,P15,Mobile,7,480.79,West,9,0,0
A195,C176,2022-01-11,P11,Mobile,4,2708.57,South,1,0,0
A196,C102,2022-09-11,P16,Mobile,5,1586.48,East,6,0,1
A197,C169,2022-11-26,P6,Home,1,2024.91,East,3,0,0
A198,C171,2022-12-26,P14,Clothing,5,980.29,North,9,0,0
A199,C126,2022-02-07,P18,Clothing,1,2932.55,North,5,1,0
A200,C108,2022-05-14,P12,Electronics,2,4794.1,East,6,0,1
A201,C161,2022-07-19,P11,Clothing,1,2565.06,East,9,0,0
A202,C136,2022-01-23,P13,Clothing,4,506.28,South,9,0,0
A203,C196,2022-10-30,P11,Mobile,3,3138.01,South,8,0,1
A204,C150,2022-12-12,P16,Mobile,1,1767.09,North,9,0,0
A205,C143,2022-10-29,P15,Home,3,4294.03,South,4,0,0
A206,C123,2022-12-29,P15,Mobile,2,2229.92,North,6,0,0
A207,C178,2022-08-06,P4,Mobile,2,1044.91,North,5,0,0
A208,C158,2022-05-21,P11,Mobile,1,1036.42,West,5,0,0
A209,C131,2022-04-14,P19,Mobile,3,3866.94,North,4,0,1
A210,C195,2022-07-29,P15,Home,2,1401.38,South,2,0,0
A211,C187,2022-04-21,P4,Mobile,3,3859.44,East,6,0,0
A212,C151,2022-04-14,P13,Electronics,3,1108.85,East,9,0,0
A213,C161,2022-11-12,P19,Electronics,5,1676.26,South,1,0,0
A214,C157,2022-06-20,P2,Electronics,6,2380.89,East,7,0,0
A215,C151,2022-12-22,P14,Electronics,3,4721.66,North,6,0,0
A216,C111,2022-11-20,P4,Mobile,5,4665.48,East,3,1,0
A217,C138,2022-05-13,P16,Electronics,2,1113.67,South,1,0,0
A218,C101,2022-10-20,P14,Mobile,2,1855.27,East,4,0,0
A219,C102,2022-11-24,P15,Home,4,832.06,North,9,0,0
A220,C155,2022-05-07,P3,Electronics,3,2598.93,North,2,0,1
A221,C180,2022-04-16,P8,Clothing,2,2356.85,South,3,0,0
A222,C158,2022-04-02,P16,Electronics,1,4513.72,South,2,1,0
A223,C101,2022-10-14,P10,Electronics,5,4657.03,South,2,0,1
A224,C101,2022-02-20,P4,Mobile,3,1979.48,West,8,0,0
A225,C191,2022-01-29,P18,Electronics,4,2509.52,West,3,0,0
A226,C153,2022-10-23,P2,Clothing,1,4491.56,North,7,1,0
A227,C186,2022-10-24,P17,Mobile,3,4052.87,West,8,0,0
A228,C195,2022-08-02,P13,Mobile,4,117.92,West,3,0,0
A229,C196,2022-09-24,P4,Home,2,1668.29,East,2,0,1
A230,C100,2022-09-14,P11,Home,2,2166.69,West,8,0,0
A231,C118,2022-10-29,P7,Electronics,2,1225.61,East,3,1,0
A232,C101,2022-04-11,P12,Home,4,1077.9,South,7,0,0
A233,C152,2022-12-12,P10,Home,5,285.14,East,1,0,1
A234,C143,2022-04-20,P7,Home,2,3252.51,East,6,1,0
A235,C189,2022-07-01,P13,Mobile,2,1386.3,South,9,0,1
A236,C131,2022-11-09,P7,Mobile,4,356.5,South,3,0,0
A237,C169,2022-01-01,P17,Mobile,0,1231.8,North,7,1,0
A238,C131,2022-11-15,P10,Home,3,4029.38,North,6,0,0
A239,C167,2022-02-24,P10,Mobile,0,4272.3,North,8,0,0
A240,C154,2022-05-29,P4,Home,2,2467.02,North,3,1,0
A241,C174,2022-11-05,P4,Mobile,2,2138.75,East,3,0,0
A242,C155,2022-05-17,P7,Mobile,1,4891.48,East,4,0,0
A243,C116,2022-07-21,P1,Clothing,4,1082.77,North,3,0,0
A244,C137,2022-11-09,P12,Electronics,5,1155.26,West,9,0,1
A245,C123,2022-04-27,P13,Home,1,1530.15,North,4,0,1
A246,C168,2022-06-03,P10,Clothing,4,946.51,West,6,0,0
A247,C197,2022-10-18,P15,Mobile,0,1958.89,South,8,0,0
A248,C169,2022-03-04,P13,Home,6,4563.09,East,8,0,0
A249,C185,2022-09-01,P9,Mobile,5,3115.2,East,5,0,0
A250,C110,2022-01-25,P9,Electronics,1,2118.54,West,5,1,1
A251,C115,2022-03-31,P15,Clothing,5,4678.61,North,6,0,0
A252,C196,2022-03-16,P10,Electronics,1,337.47,East,7,0,1
A253,C172,2022-10-21,P10,Clothing,4,1130.35,West,7,0,1
A254,C158,2022-07-29,P8,Mobile,2,2872.85,South,4,0,1
A255,C169,2022-12-13,P16,Electronics,1,3116.21,South,6,1,0
A256,C179,2022-01-17,P17,Electronics,3,293.83,East,7,0,0
A257,C192,2022-05-08,P5,Mobile,3,2074.89,North,5,0,0
A258,C102,2022-12-30,P4,Electronics,6,3280.85,West,5,0,0
A259,C119,2022-09-08,P18,Home,0,3520.55,East,2,0,0
A260,C158,2022-06-28,P19,Clothing,3,3226.89,South,7,0,0
A261,C135,2022-07-01,P4,Clothing,5,1670.76,North,6,0,0
A262,C118,2022-06-01,P7,Clothing,1,558.25,West,1,0,0
A263,C189,2022-01-25,P10,Home,3,2192.85,East,4,0,0
A264,C166,2022-06-29,P18,Clothing,4,730.9,West,3,0,0
A265,C118,2022-07-17,P19,Mobile,2,4743.36,North,3,0,0
A266,C119,2022-12-10,P4,Electronics,3,2428.34,North,7,0,0
A267,C195,2022-06-10,P10,Home,7,1654.57,South,4,0,0
A268,C170,2022-06-26,P1,Clothing,1,3854.89,North,8,0,0
A269,C151,2022-10-12,P18,Mobile,3,2539.95,East,9,0,0
A270,C132,2022-03-04,P5,Electronics,3,1619.17,West,3,0,0
A271,C139,2022-05-30,P15,Electronics,1,4078.64,North,5,0,0
A272,C138,2022-06-03,P17,Home,1,4349.05,North,4,0,0
A273,C181,2022-06-05,P3,Home,2,3397.74,East,6,0,0
A274,C100,2022-02-18,P12,Home,2,330.13,West,4,0,0
A275,C110,2022-12-03,P2,Mobile,6,2874.98,West,8,0,0
A276,C191,2022-03-25,P1,Mobile,1,3840.15,South,3,0,0
A277,C156,2022-12-27,P17,Home,3,768.86,South,5,0,1
A278,C188,2022-06-26,P16,Clothing,3,1220.49,West,1,0,0
A279,C149,2022-05-28,P5,Electronics,4,4424.23,East,6,0,1
A280,C122,2022-04-28,P15,Electronics,2,198.6,East,5,1,0
A281,C130,2022-12-08,P3,Mobile,3,3788.36,South,8,0,0
A282,C193,2022-03-04,P7,Electronics,4,2421.49,North,9,0,0
A283,C141,2022-07-08,P11,Clothing,2,2289.18,East,8,0,0
A284,C198,2022-12-26,P10,Electronics,3,134.77,North,8,0,0
A285,C106,2022-02-18,P9,Mobile,2,4115.05,East,3,0,0
A286,C115,2022-11-23,P14,Mobile,4,1863.14,West,4,1,0
A287,C189,2022-09-14,P13,Clothing,1,2749.75,South,4,0,0
A288,C159,2022-08-12,P2,Clothing,3,3418.77,North,5,0,0
A289,C101,2022-05-21,P3,Electronics,5,3542.88,North,9,0,1
A290,C100,2022-08-03,P7,Electronics,2,4784.3,West,9,1,0
A291,C147,2022-07-30,P18,Mobile,4,2703.57,East,1,0,0
A292,C111,2022-11-14,P3,Clothing,2,2058.63,North,8,0,0
A293,C168,2022-02-01,P10,Clothing,1,4773.15,East,1,0,0
A294,C136,2022-06-07,P7,Clothing,3,3246.34,West,2,1,1
A295,C131,2022-10-12,P9,Electronics,4,1560.94,South,7,0,0
A296,C108,2022-11-01,P17,Clothing,7,719.67,North,8,0,0
A297,C198,2022-10-13,P11,Mobile,4,4228.52,East,1,0,0
A298,C118,2022-05-24,P7,Mobile,6,1874.69,North,3,0,0
A299,C147,2022-01-19,P14,Electronics,4,3336.3,East,7,0,0
A300,C179,2022-01-18,P19,Home,1,2407.0,East,9,0,1
A301,C102,2022-09-14,P4,Electronics,1,1074.76,East,8,0,0
A302,C119,2022-03-19,P6,Home,7,3048.26,West,8,0,1
A303,C123,2022-06-24,P10,Clothing,4,397.35,South,9,0,1
A304,C153,2022-07-13,P7,Electronics,3,2125.38,North,3,0,0
A305,C132,2022-04-23,P13,Mobile,3,2778.41,South,8,0,0
A306,C123,2022-04-24,P14,Clothing,3,2236.63,East,1,0,0
A307,C174,2022-08-10,P4,Mobile,3,3768.49,East,8,0,0
A308,C171,2022-06-15,P8,Clothing,1,4156.83,South,7,0,0
A309,C135,2022-11-15,P5,Electronics,1,3879.09,South,8,0,1
A310,C137,2022-05-12,P1,Home,3,290.18,North,1,0,0
A311,C183,2022-09-21,P4,Clothing,0,1051.23,East,6,0,0
A312,C198,2022-02-24,P3,Home,3,2729.38,South,7,0,0
A313,C188,2022-12-25,P9,Clothing,3,4680.63,West,5,0,0
A314,C198,2022-05-11,P8,Mobile,0,4191.29,East,5,0,1
A315,C124,2022-10-15,P1,Mobile,2,4228.42,East,7,0,0
A316,C192,2022-09-23,P6,Clothing,1,1585.72,North,3,0,0
A317,C117,2022-06-11,P9,Home,2,2204.29,West,6,0,0
A318,C181,2022-03-28,P7,Electronics,4,2406.46,North,7,0,1
A319,C165,2022-02-24,P4,Electronics,4,871.12,West,1,0,0
A320,C153,2022-10-15,P13,Mobile,1,252.23,North,2,0,1
A321,C134,2022-06-27,P17,Electronics,3,4739.82,West,4,0,0
A322,C179,2022-12-15,P2,Mobile,3,1279.49,West,8,0,0
A323,C160,2022-01-08,P5,Electronics,2,1275.75,West,6,1,0
A324,C140,2022-11-17,P12,Clothing,2,508.56,South,1,0,0
A325,C199,2022-11-09,P8,Mobile,3,4649.69,East,5,0,0
A326,C132,2022-09-04,P6,Mobile,2,2940.71,West,7,0,0
A327,C167,2022-11-19,P8,Clothing,3,3368.48,South,6,0,0
A328,C132,2022-09-12,P18,Mobile,2,4566.73,South,9,0,0
A329,C113,2022-11-24,P3,Electronics,1,1793.54,North,8,0,0
A330,C120,2022-02-23,P12,Electronics,0,3145.39,East,4,0,0
A331,C147,2022-09-06,P3,Mobile,3,290.12,East,5,0,0
A332,C119,2022-08-27,P6,Electronics,4,1015.19,North,7,1,0
A333,C107,2022-08-17,P2,Home,4,4173.1,East,8,0,0
A334,C106,2022-03-08,P12,Mobile,3,3857.16,North,5,1,0
A335,C166,2022-02-20,P2,Clothing,3,1818.15,South,9,0,0
A336,C116,2022-04-07,P6,Home,6,1946.37,South,4,0,1
A337,C132,2022-04-02,P17,Mobile,4,2714.42,West,4,0,0
A338,C147,2022-09-21,P3,Clothing,4,101.18,North,8,0,0
A339,C175,2022-10-18,P2,Electronics,5,1282.1,South,1,1,1
A340,C158,2022-04-06,P8,Clothing,1,1120.34,South,8,0,1
A341,C185,2022-03-29,P12,Home,4,1327.37,North,5,0,0
A342,C121,2022-03-19,P4,Electronics,2,4048.94,South,1,1,1
A343,C129,2022-10-15,P5,Mobile,4,1470.4,East,4,0,0
A344,C137,2022-04-30,P13,Electronics,5,1038.45,South,2,0,0
A345,C150,2022-10-29,P15,Mobile,2,2570.89,North,4,0,0
A346,C153,2022-06-14,P16,Mobile,4,4341.66,East,8,0,0
A347,C107,2022-07-01,P10,Clothing,1,1282.61,East,5,0,0
A348,C126,2022-08-11,P16,Clothing,2,484.83,South,1,0,1
A349,C126,2022-11-07,P12,Clothing,4,1846.38,West,7,0,1
A350,C197,2022-01-07,P17,Home,1,3763.49,East,1,0,0
A351,C120,2022-11-26,P16,Home,1,2798.38,North,9,0,0
A352,C129,2022-09-20,P12,Clothing,0,4102.29,West,3,1,0
A353,C196,2022-06-10,P8,Home,3,4802.0,West,3,0,0
A354,C127,2022-05-31,P3,Electronics,3,3984.05,East,6,0,0
A355,C163,2022-03-26,P16,Electronics,4,3058.64,South,6,0,0
A356,C196,2022-05-27,P13,Home,2,2517.37,West,6,0,1
A357,C168,2022-04-22,P19,Home,3,296.34,South,1,0,0
A358,C160,2022-02-05,P8,Electronics,6,4923.18,East,5,0,0
A359,C147,2022-10-12,P5,Mobile,2,1979.06,North,6,1,0
A360,C118,2022-07-07,P8,Electronics,2,845.92,West,8,0,0
A361,C103,2022-03-23,P12,Electronics,2,3366.87,North,1,0,1
A362,C134,2022-01-02,P1,Home,4,1493.01,South,5,0,0
A363,C163,2022-10-30,P6,Electronics,1,2970.31,South,3,0,0
A364,C148,2022-07-16,P18,Home,4,2975.16,North,2,0,0
A365,C116,2022-01-11,P8,Home,3,2284.08,East,8,0,0
A366,C143,2022-08-22,P7,Clothing,3,4196.98,East,7,0,0
A367,C191,2022-07-14,P1,Electronics,5,1398.34,West,7,1,0
A368,C129,2022-04-29,P16,Mobile,3,2298.3,West,5,0,0
A369,C192,2022-01-20,P12,Clothing,1,2734.69,East,9,0,0
A370,C145,2022-09-18,P6,Home,1,3351.76,East,5,0,0
A371,C105,2022-10-20,P2,Home,3,3941.46,North,2,0,0
A372,C198,2022-09-13,P14,Mobile,5,2034.56,South,3,0,0
A373,C136,2022-08-10,P4,Home,4,3265.63,South,4,0,0
A374,C123,2022-08-14,P1,Electronics,2,837.99,West,5,0,1
A375,C192,2022-02-22,P18,Clothing,7,4669.98,East,3,0,0
A376,C145,2022-12-21,P13,Home,0,1976.99,North,7,0,0
A377,C152,2022-12-08,P2,Home,4,3674.65,West,5,0,0
A378,C194,2022-12-30,P9,Mobile,2,199.67,North,5,0,0
A379,C198,2022-10-07,P2,Electronics,3,1105.42,East,6,0,0
A380,C159,2022-03-22,P9,Home,1,2486.7,East,7,0,1
A381,C196,2022-07-21,P1,Mobile,3,4403.44,East,8,0,0
A382,C162,2022-06-07,P11,Home,1,2683.55,South,9,0,0
A383,C184,2022-04-30,P3,Mobile,3,4656.37,East,4,0,0
A384,C131,2022-02-28,P4,Mobile,6,2470.6,West,5,0,1
A385,C186,2022-08-03,P18,Electronics,3,2503.2,South,5,0,0
A386,C132,2022-05-08,P6,Home,2,686.76,North,8,0,0
A387,C166,2022-08-12,P3,Electronics,1,4033.02,West,9,0,1
A388,C117,2022-07-28,P11,Mobile,4,1310.13,West,7,0,0
A389,C124,2022-04-25,P15,Clothing,4,4508.1,North,5,0,0
A390,C194,2022-07-28,P5,Home,3,4563.04,South,3,0,0
A391,C153,2022-01-14,P10,Clothing,1,4722.22,West,1,0,0
A392,C157,2022-01-09,P12,Home,4,2649.13,West,9,0,0
A393,C166,2022-02-09,P15,Electronics,2,3417.76,West,5,0,0
A394,C145,2022-08-25,P17,Electronics,4,3914.73,South,9,0,0
A395,C123,2022-10-08,P10,Electronics,1,741.97,South,4,0,1
A396,C131,2022-12-25,P6,Electronics,5,3044.69,South,5,0,1
A397,C146,2022-07-20,P18,Electronics,3,268.06,West,4,0,0
A398,C185,2022-09-03,P13,Clothing,1,2538.07,East,2,0,0
A399,C122,2022-10-05,P3,Electronics,2,858.73,North,1,0,0
A400,C165,2022-08-23,P10,Mobile,1,996.32,East,8,0,0
A401,C126,2022-01-04,P14,Mobile,5,1888.73,South,4,0,0
A402,C101,2022-06-03,P6,Clothing,1,2218.94,West,5,0,0
A403,C189,2022-01-29,P3,Home,3,3153.54,West,6,0,0
A404,C116,2022-04-19,P16,Mobile,2,464.7,East,8,0,0
A405,C132,2022-04-08,P7,Home,3,2568.09,East,8,0,0
A406,C108,2022-08-03,P14,Clothing,2,994.86,North,7,0,0
A407,C142,2022-10-20,P9,Home,5,2912.48,West,4,0,0
A408,C147,2022-03-16,P15,Home,4,3223.28,East,6,0,0
A409,C138,2022-11-22,P3,Home,5,2827.88,North,4,0,0
A410,C192,2022-05-26,P2,Home,2,3717.65,South,7,1,0
A411,C141,2022-05-08,P2,Clothing,3,1744.49,East,1,1,0
A412,C125,2022-12-07,P3,Mobile,2,3849.02,South,5,0,0
A413,C198,2022-02-11,P18,Electronics,1,2220.56,North,4,1,0
A414,C149,2022-12-22,P14,Home,3,2472.5,South,7,0,0
A415,C124,2022-02-10,P18,Mobile,1,3275.7,West,9,0,1
A416,C123,2022-02-03,P10,Mobile,7,189.96,West,5,0,0
A417,C112,2022-01-17,P2,Clothing,6,3304.57,South,4,0,0
A418,C159,2022-06-14,P1,Mobile,3,3131.07,West,9,0,0
A419,C106,2022-06-02,P4,Clothing,4,1618.25,North,5,1,1
A420,C156,2022-03-17,P14,Home,1,520.39,West,9,0,0
A421,C135,2022-03-28,P1,Home,1,545.58,South,8,0,0
A422,C144,2022-04-27,P14,Electronics,2,4623.8,South,4,0,0
A423,C119,2022-12-28,P16,Electronics,3,3477.47,South,7,0,0
A424,C164,2022-12-08,P14,Electronics,3,722.8,East,5,0,0
A425,C107,2022-01-27,P3,Mobile,1,1847.94,South,4,0,0
A426,C115,2022-11-09,P3,Home,4,3003.17,North,5,0,1
A427,C113,2022-10-14,P9,Clothing,1,4194.3,West,5,0,0
A428,C175,2022-05-14,P6,Electronics,3,313.94,West,9,0,1
A429,C186,2022-08-07,P13,Clothing,3,1259.5,East,9,0,0
A430,C114,2022-06-17,P2,Clothing,1,4459.77,East,6,1,1
A431,C191,2022-04-08,P8,Electronics,2,144.91,North,4,0,0
A432,C197,2022-09-25,P2,Home,4,1086.86,South,2,0,0
A433,C165,2022-08-25,P4,Electronics,2,4799.22,East,3,0,1
A434,C131,2022-11-05,P15,Clothing,0,3105.67,West,2,0,1
A435,C186,2022-06-22,P4,Electronics,4,1382.19,East,5,1,0
A436,C162,2022-07-09,P13,Clothing,0,428.26,East,6,0,0
A437,C185,2022-05-02,P12,Clothing,2,238.14,South,5,0,1
A438,C150,2022-02-15,P13,Electronics,5,1299.25,East,2,0,0
A439,C124,2022-03-05,P14,Mobile,1,4419.28,North,5,1,0
A440,C157,2022-05-10,P18,Electronics,5,2137.98,West,9,0,1
A441,C162,2022-11-06,P6,Mobile,4,3629.63,South,4,0,0
A442,C161,2022-12-29,P11,Clothing,4,4599.6,West,2,0,0
A443,C121,2022-07-12,P2,Clothing,3,2099.4,North,3,0,0
A444,C157,2022-11-03,P19,Mobile,6,1037.26,North,3,0,0
A445,C157,2022-06-30,P19,Clothing,2,2633.88,East,9,0,0
A446,C185,2022-10-19,P5,Mobile,4,4549.61,East,4,0,1
A447,C148,2022-10-09,P19,Mobile,2,4041.43,East,1,0,0
A448,C151,2022-01-29,P2,Clothing,5,422.57,West,1,0,1
A449,C141,2022-05-29,P10,Home,3,3493.61,North,7,0,1
A450,C169,2022-09-24,P2,Mobile,3,2902.3,South,7,0,0
A451,C114,2022-10-23,P11,Electronics,3,4546.57,East,2,0,0
A452,C153,2022-01-11,P18,Electronics,1,700.16,West,9,0,0
A453,C159,2022-06-13,P15,Clothing,3,2716.78,East,9,0,0
A454,C196,2022-04-23,P9,Home,6,4409.37,North,5,0,0
A455,C107,2022-07-06,P19,Clothing,3,2109.12,South,3,0,0
A456,C152,2022-10-22,P9,Home,1,2461.78,North,3,0,0
A457,C159,2022-08-20,P3,Mobile,3,445.26,West,3,0,0
A458,C104,2022-08-15,P9,Mobile,3,1462.9,East,6,0,0
A459,C167,2022-11-06,P14,Mobile,2,1690.08,North,4,0,0
A460,C105,2022-04-08,P19,Mobile,3,4731.1,West,8,0,0
A461,C195,2022-02-24,P7,Electronics,0,1485.07,East,5,0,0
A462,C193,2022-04-21,P16,Electronics,8,2358.26,South,1,1,0
A463,C146,2022-06-01,P16,Clothing,1,3389.39,North,9,0,0
A464,C198,2022-09-03,P1,Home,1,894.7,East,1,0,0
A465,C154,2022-03-10,P4,Mobile,3,2483.57,East,6,0,0
A466,C139,2022-11-08,P4,Mobile,2,3718.84,East,1,0,0
A467,C151,2022-10-16,P7,Home,2,4347.59,East,3,0,0
A468,C115,2022-09-07,P8,Home,3,3168.67,North,5,1,0
A469,C112,2022-02-05,P17,Clothing,4,3378.36,East,7,0,0
A470,C129,2022-08-27,P5,Home,3,718.79,West,8,0,0
A471,C118,2022-05-28,P7,Mobile,7,4734.3,North,9,0,1
A472,C116,2022-08-15,P4,Mobile,3,749.61,East,6,0,0
A473,C162,2022-09-01,P6,Mobile,3,3895.9,North,9,0,1
A474,C118,2022-12-03,P7,Mobile,3,1397.6,West,8,0,0
A475,C191,2022-12-31,P18,Mobile,5,4674.61,West,9,0,0
A476,C157,2022-07-20,P5,Clothing,5,3627.8,North,4,0,0
A477,C154,2022-06-03,P3,Mobile,4,3793.69,East,9,0,0
A478,C189,2022-03-14,P7,Clothing,4,1173.39,East,7,0,0
A479,C189,2022-07-20,P14,Mobile,2,2270.9,West,5,1,0
A480,C161,2022-10-23,P7,Electronics,6,3127.28,East,5,0,0
A481,C122,2022-01-17,P5,Electronics,3,3872.87,West,1,0,0
A482,C108,2022-05-09,P5,Electronics,2,609.4,East,2,0,0
A483,C111,2022-08-05,P2,Electronics,6,4815.59,West,3,0,0
A484,C100,2022-03-02,P6,Clothing,4,4462.08,South,8,0,0
A485,C157,2022-04-14,P15,Clothing,3,1424.71,East,6,0,0
A486,C100,2022-02-11,P10,Home,3,4131.53,East,5,0,1
A487,C133,2022-01-25,P7,Mobile,6,2639.79,East,1,0,0
A488,C195,2022-02-08,P5,Electronics,4,2362.85,North,9,1,0
A489,C147,2022-10-18,P1,Clothing,2,1640.73,East,3,0,0
A490,C188,2022-05-11,P13,Mobile,1,2946.75,North,3,0,1
A491,C100,2022-08-17,P18,Mobile,3,3676.46,North,2,0,0
A492,C115,2022-04-18,P13,Clothing,4,2113.57,West,4,0,0
A493,C160,2022-06-21,P18,Electronics,5,3183.17,North,2,0,0
A494,C163,2022-04-12,P5,Home,6,3526.63,North,9,0,0
A495,C162,2022-12-20,P13,Mobile,2,3584.5,South,7,0,0
A496,C168,2022-01-12,P4,Home,4,354.63,East,8,0,0
A497,C121,2022-10-02,P17,Electronics,4,4312.76,North,3,0,1
A498,C192,2022-04-11,P3,Electronics,0,2345.44,East,6,0,0
A499,C166,2022-02-13,P17,Home,4,1385.84,North,6,0,0
A500,C175,2022-11-01,P11,Electronics,5,1284.65,West,1,0,0
A501,C125,2022-01-17,P4,Mobile,2,2466.77,South,6,0,0
A502,C115,2022-11-26,P2,Home,5,4445.47,North,3,0,0
A503,C150,2022-02-26,P16,Electronics,4,1953.9,East,3,0,0
A504,C185,2022-11-07,P18,Home,5,3773.66,West,3,1,0
A505,C156,2022-10-30,P8,Mobile,2,574.41,East,8,0,0
A506,C128,2022-01-12,P3,Electronics,2,2432.68,West,5,0,0
A507,C177,2022-11-14,P9,Mobile,0,4959.26,South,4,0,0
A508,C191,2022-03-21,P6,Electronics,4,3875.15,West,9,1,0
A509,C168,2022-08-04,P10,Clothing,1,1131.59,East,9,0,0
A510,C146,2022-12-05,P10,Electronics,2,2557.06,East,1,0,1
A511,C193,2022-09-21,P13,Home,3,1244.76,North,2,0,0
A512,C161,2022-05-29,P17,Electronics,2,2106.85,West,8,0,0
A513,C168,2022-03-22,P9,Mobile,2,3922.41,East,5,0,1
A514,C175,2022-08-03,P17,Mobile,1,3879.0,North,7,0,0
A515,C115,2022-07-17,P9,Electronics,3,1217.69,South,1,0,1
A516,C189,2022-07-19,P9,Home,4,4618.89,East,5,0,0
A517,C189,2022-01-25,P1,Clothing,6,3003.58,North,3,0,0
A518,C147,2022-03-30,P2,Home,3,1961.63,East,2,1,0
A519,C184,2022-09-25,P16,Clothing,2,2559.48,West,2,0,1
A520,C138,2022-05-23,P1,Mobile,3,3064.85,North,9,0,0
A521,C199,2022-02-28,P10,Home,1,2843.46,West,4,0,1
A522,C132,2022-12-31,P18,Clothing,2,2483.38,South,4,1,0
A523,C193,2022-01-26,P8,Electronics,1,2574.17,West,7,1,1
A524,C122,2022-02-16,P11,Mobile,3,964.42,North,2,0,0
A525,C109,2022-10-15,P2,Electronics,4,4082.39,East,3,0,0
A526,C168,2022-09-23,P8,Mobile,2,2754.63,North,3,0,1
A527,C199,2022-01-16,P8,Home,2,742.29,West,6,1,1
A528,C133,2022-07-18,P17,Home,3,3854.17,West,3,0,0
A529,C151,2022-10-09,P15,Mobile,2,4668.98,East,5,0,0
A530,C194,2022-03-27,P17,Mobile,2,4741.8,South,4,0,0
A531,C109,2022-09-07,P13,Mobile,3,1908.19,North,3,1,0
A532,C118,2022-09-27,P19,Home,1,764.03,East,8,0,0
A533,C157,2022-12-01,P5,Clothing,6,2640.16,East,3,0,0
A534,C195,2022-04-27,P12,Electronics,2,651.79,East,6,0,0
A535,C100,2022-01-07,P1,Electronics,2,4676.54,North,7,0,0
A536,C168,2022-05-17,P5,Home,2,999.54,North,7,0,0
A537,C103,2022-06-25,P8,Electronics,4,1338.55,North,2,1,0
A538,C115,2022-11-24,P13,Mobile,1,2092.52,South,3,1,0
A539,C123,2022-11-11,P8,Clothing,2,1977.51,East,4,0,0
A540,C179,2022-08-03,P11,Electronics,4,3993.85,West,7,0,0
A541,C101,2022-03-23,P1,Clothing,3,2335.95,West,2,0,0
A542,C191,2022-08-11,P13,Mobile,3,936.76,East,3,1,0
A543,C131,2022-04-13,P19,Electronics,3,1409.33,West,7,0,1
A544,C190,2022-09-30,P3,Home,6,2594.66,South,7,0,0
A545,C183,2022-01-14,P17,Clothing,3,822.52,South,3,1,1
A546,C123,2022-06-08,P5,Mobile,3,3097.11,North,1,0,0
A547,C111,2022-06-01,P8,Clothing,1,2872.16,North,3,0,0
A548,C149,2022-04-18,P14,Electronics,2,3602.04,North,5,0,0
A549,C134,2022-07-07,P4,Electronics,4,4694.75,North,7,0,0
A550,C132,2022-10-28,P11,Home,3,4570.05,North,4,0,0
A551,C132,2022-04-08,P15,Mobile,3,4735.77,West,1,0,0
A552,C160,2022-05-11,P19,Mobile,2,1299.11,West,6,0,0
A553,C150,2022-10-20,P7,Home,3,744.67,North,2,0,0
A554,C142,2022-06-20,P19,Home,1,1581.16,South,3,0,0
A555,C111,2022-07-02,P19,Mobile,2,4485.92,West,4,0,0
A556,C166,2022-12-30,P11,Clothing,2,4863.06,South,6,1,0
A557,C164,2022-02-08,P5,Clothing,3,4310.69,South,6,0,1
A558,C132,2022-01-15,P5,Home,5,639.09,East,7,0,0
A559,C139,2022-01-04,P8,Clothing,3,4742.4,East,5,0,0
A560,C173,2022-12-15,P10,Mobile,6,2174.45,North,7,1,0
A561,C142,2022-07-29,P6,Electronics,2,145.62,South,2,0,1
A562,C143,2022-06-10,P15,Electronics,5,2267.73,West,1,0,0
A563,C128,2022-01-16,P16,Clothing,6,325.74,East,8,1,0
A564,C112,2022-04-18,P17,Home,6,2765.0,East,1,0,0
A565,C111,2022-11-07,P8,Home,3,1758.91,South,2,1,0
A566,C194,2022-08-15,P8,Home,4,2419.83,East,6,1,0
A567,C145,2022-06-19,P9,Home,3,3104.53,East,1,1,0
A568,C101,2022-02-03,P2,Home,2,4357.13,West,3,0,1
A569,C134,2022-09-08,P15,Clothing,5,3343.32,South,7,0,0
A570,C186,2022-09-04,P18,Electronics,4,2226.84,East,8,1,0
A571,C180,2022-09-26,P3,Electronics,2,4115.2,South,4,0,0
A572,C189,2022-05-21,P17,Clothing,0,4537.35,East,3,0,0
A573,C107,2022-10-01,P4,Home,0,686.82,West,1,0,0
A574,C192,2022-04-06,P4,Clothing,5,2706.47,South,9,0,0
A575,C125,2022-08-15,P14,Electronics,6,1494.11,East,6,0,0
A576,C173,2022-02-08,P9,Mobile,1,330.6,West,6,0,0
A577,C189,2022-10-29,P9,Clothing,2,3375.88,East,9,0,0
A578,C133,2022-01-29,P18,Home,5,4327.58,South,1,0,0
A579,C106,2022-11-14,P10,Electronics,4,898.22,East,6,0,0
A580,C167,2022-09-02,P4,Electronics,3,4080.83,South,5,0,0
A581,C157,2022-08-24,P12,Electronics,2,4281.64,South,6,0,0
A582,C174,2022-07-04,P8,Electronics,0,4580.27,East,8,0,0
A583,C128,2022-09-29,P2,Home,4,1399.9,West,5,0,0
A584,C135,2022-08-24,P13,Mobile,5,4529.37,North,2,0,0
A585,C188,2022-08-27,P16,Electronics,2,1671.25,West,2,0,0
A586,C120,2022-09-23,P2,Clothing,3,2806.46,West,5,0,0
A587,C135,2022-12-25,P11,Mobile,7,347.49,East,3,0,1
A588,C109,2022-12-06,P10,Electronics,5,315.02,West,3,0,0
A589,C172,2022-03-06,P15,Mobile,3,3629.83,West,8,0,0
A590,C123,2022-06-26,P17,Clothing,1,2277.95,North,7,0,0
A591,C163,2022-01-03,P8,Electronics,3,1355.83,West,1,1,0
A592,C198,2022-05-22,P18,Clothing,4,1033.03,North,5,0,1
A593,C148,2022-06-07,P9,Home,1,3382.77,East,9,1,0
A594,C198,2022-11-20,P8,Electronics,3,101.97,North,4,0,0
A595,C135,2022-05-26,P14,Electronics,3,4048.87,South,1,0,0
A596,C181,2022-10-20,P18,Electronics,4,488.32,South,8,0,1
A597,C195,2022-06-02,P12,Electronics,1,1038.3,North,5,0,0
A598,C123,2022-07-12,P19,Home,2,1992.56,South,2,0,1
A599,C122,2022-03-14,P14,Electronics,3,2475.81,East,1,0,0
A600,C161,2022-11-01,P17,Mobile,2,1839.48,South,3,0,0
A601,C195,2022-12-10,P3,Electronics,1,1671.49,North,9,0,0
A602,C136,2022-05-20,P7,Home,1,4823.19,East,1,0,1
A603,C111,2022-07-06,P17,Electronics,3,3243.74,South,4,0,1
A604,C154,2022-10-20,P12,Mobile,0,214.82,East,8,1,0
A605,C112,2022-03-02,P9,Home,3,2207.86,North,8,0,0
A606,C122,2022-07-17,P15,Home,1,4387.54,South,8,0,0
A607,C188,2022-10-22,P18,Mobile,1,1577.14,East,8,0,0
A608,C198,2022-11-15,P13,Mobile,7,563.33,East,4,0,0
A609,C129,2022-10-29,P8,Mobile,3,3816.09,South,8,0,0
A610,C116,2022-12-10,P14,Mobile,2,3069.47,East,9,0,0
A611,C161,2022-01-11,P8,Mobile,4,2894.53,East,7,0,0
A612,C183,2022-03-03,P14,Home,4,362.53,North,2,1,0
A613,C188,2022-11-29,P7,Home,0,788.45,North,9,0,0
A614,C185,2022-08-14,P12,Electronics,3,3150.49,North,8,1,1
A615,C112,2022-06-02,P11,Electronics,3,1118.34,North,5,1,0
A616,C158,2022-07-18,P11,Clothing,7,2569.94,North,3,1,0
A617,C118,2022-02-21,P13,Electronics,3,2769.92,North,7,0,0
A618,C148,2022-09-17,P18,Electronics,2,1489.19,South,2,0,0
A619,C199,2022-02-28,P2,Mobile,4,4747.28,North,3,0,0
A620,C111,2022-03-13,P15,Mobile,2,4228.07,East,9,0,0
A621,C160,2022-05-28,P18,Electronics,2,3639.63,South,4,0,0
A622,C118,2022-12-15,P15,Clothing,3,482.17,East,4,0,1
A623,C175,2022-03-04,P19,Mobile,0,620.04,North,3,0,0
A624,C108,2022-11-06,P12,Electronics,0,2514.63,North,5,0,0
A625,C170,2022-08-31,P13,Electronics,3,887.5,East,3,0,1
A626,C127,2022-11-26,P11,Home,4,4893.5,East,9,0,0
A627,C177,2022-04-17,P5,Clothing,6,876.75,East,3,0,0
A628,C194,2022-08-14,P1,Home,4,2488.59,West,2,0,1
A629,C151,2022-11-09,P3,Clothing,2,1884.19,West,5,0,0
A630,C182,2022-08-06,P19,Mobile,2,3232.99,West,6,0,0
A631,C115,2022-08-29,P7,Clothing,8,732.28,West,1,0,1
A632,C168,2022-09-16,P12,Electronics,4,2208.55,South,6,0,0
A633,C198,2022-09-19,P15,Electronics,3,1446.05,North,3,0,1
A634,C111,2022-01-05,P5,Clothing,1,4449.98,East,4,0,0
A635,C124,2022-09-18,P15,Clothing,2,298.87,North,6,0,0
A636,C151,2022-02-23,P8,Clothing,1,4577.26,East,8,0,0
A637,C184,2022-02-16,P10,Home,3,4181.67,North,9,0,1
A638,C199,2022-08-03,P16,Clothing,4,1558.1,South,6,0,0
A639,C152,2022-06-26,P8,Mobile,0,3967.52,West,7,0,0
A640,C122,2022-01-09,P1,Home,2,252.95,North,5,0,0
A641,C115,2022-04-09,P12,Home,5,4837.64,East,9,0,0
A642,C156,2022-01-20,P5,Clothing,5,2680.32,North,4,0,0
A643,C138,2022-08-29,P3,Mobile,3,1586.08,South,6,0,1
A644,C152,2022-03-02,P1,Home,1,1876.66,South,5,0,0
A645,C141,2022-06-27,P4,Electronics,3,425.39,North,1,0,0
A646,C157,2022-12-04,P8,Home,2,4947.81,West,5,0,0
A647,C138,2022-03-03,P3,Clothing,5,292.53,East,5,0,0
A648,C113,2022-05-25,P10,Mobile,1,3309.04,South,9,0,0
A649,C194,2022-08-04,P2,Clothing,3,2269.41,South,1,0,0
A650,C104,2022-01-03,P11,Electronics,3,4749.69,North,5,0,0
A651,C134,2022-06-09,P10,Electronics,4,1305.4,South,7,0,0
A652,C186,2022-08-15,P14,Electronics,2,2707.23,South,6,0,0
A653,C192,2022-09-26,P7,Clothing,2,2463.55,East,6,0,0
A654,C174,2022-04-30,P2,Home,1,3544.05,West,7,0,0
A655,C117,2022-03-30,P9,Clothing,0,433.25,East,6,0,1
A656,C175,2022-11-25,P16,Mobile,2,1049.57,West,5,0,0
A657,C108,2022-03-09,P13,Home,2,1151.37,East,5,1,0
A658,C173,2022-12-23,P9,Electronics,1,3716.94,North,9,0,0
A659,C157,2022-04-08,P4,Clothing,5,1026.78,South,8,0,0
A660,C116,2022-09-24,P10,Electronics,7,2910.11,West,4,0,0
A661,C106,2022-04-15,P12,Electronics,2,1154.69,North,4,0,0
A662,C145,2022-11-19,P17,Mobile,2,4321.96,South,5,0,0
A663,C112,2022-05-03,P14,Home,2,4716.71,South,3,1,0
A664,C139,2022-01-29,P14,Mobile,1,2640.62,South,8,0,0
A665,C141,2022-05-17,P2,Mobile,2,1826.31,East,7,0,0
A666,C108,2022-07-14,P11,Mobile,2,1246.88,North,5,0,0
A667,C149,2022-08-14,P16,Electronics,5,343.93,North,3,0,0
A668,C126,2022-11-28,P19,Mobile,0,1415.65,South,5,1,0
A669,C165,2022-06-19,P6,Mobile,3,3305.76,West,3,0,1
A670,C104,2022-01-09,P19,Home,2,2714.72,North,5,0,1
A671,C128,2022-02-09,P5,Home,5,4725.8,East,1,0,0
A672,C136,2022-01-25,P4,Mobile,3,2041.76,West,6,0,0
A673,C137,2022-09-18,P15,Home,5,3499.93,West,4,0,0
A674,C182,2022-08-14,P4,Home,6,2497.68,West,4,0,0
A675,C107,2022-05-04,P10,Mobile,3,2611.62,West,8,0,0
A676,C164,2022-02-07,P3,Electronics,5,1412.09,North,2,0,1
A677,C185,2022-11-24,P5,Mobile,2,2329.26,South,4,0,0
A678,C116,2022-09-08,P6,Home,0,2406.85,West,2,0,1
A679,C170,2022-06-25,P8,Electronics,6,3562.55,East,1,0,0
A680,C188,2022-03-31,P7,Clothing,5,4709.14,East,3,0,0
A681,C144,2022-02-06,P10,Electronics,3,1713.67,South,8,0,0
A682,C103,2022-11-12,P6,Home,6,306.78,North,6,0,1
A683,C135,2022-06-25,P14,Electronics,3,2531.85,South,7,0,0
A684,C169,2022-10-11,P4,Mobile,1,2767.86,West,2,0,0
A685,C130,2022-03-22,P13,Clothing,0,925.36,North,6,0,1
A686,C118,2022-04-24,P17,Clothing,2,3826.28,North,8,0,0
A687,C160,2022-02-09,P7,Clothing,2,4926.15,West,8,0,0
A688,C153,2022-10-28,P4,Home,4,4734.3,East,4,0,0
A689,C138,2022-08-12,P14,Home,5,1065.82,West,6,1,0
A690,C190,2022-11-14,P3,Clothing,1,4389.28,South,5,0,0
A691,C173,2022-12-15,P5,Electronics,4,3552.02,West,9,0,0
A692,C189,2022-04-25,P16,Clothing,3,2323.85,East,8,0,0
A693,C118,2022-07-05,P4,Electronics,2,2748.99,West,2,0,0
A694,C138,2022-11-19,P2,Electronics,3,4263.04,South,7,0,0
A695,C166,2022-02-25,P18,Home,2,2452.66,South,7,0,0
A696,C144,2022-02-09,P19,Electronics,3,1928.72,East,1,0,1
A697,C112,2022-12-20,P19,Clothing,5,2516.91,South,1,0,1
A698,C191,2022-02-09,P17,Home,2,2937.74,South,4,0,0
A699,C157,2022-12-13,P14,Mobile,5,1026.48,West,5,0,0
A700,C119,2022-08-25,P19,Mobile,1,4514.45,North,4,0,0
A701,C191,2022-10-16,P13,Home,0,3403.52,South,7,0,0
A702,C171,2022-09-19,P12,Clothing,4,3203.02,South,3,0,0
A703,C160,2022-08-04,P6,Mobile,6,587.53,East,7,0,0
A704,C138,2022-05-27,P4,Mobile,4,3060.45,East,8,1,0
A705,C100,2022-12-02,P19,Electronics,3,692.71,West,6,1,0
A706,C102,2022-06-17,P16,Electronics,5,485.62,West,6,0,0
A707,C176,2022-04-02,P13,Clothing,2,2683.82,South,8,0,0
A708,C191,2022-12-19,P4,Home,2,2073.65,North,8,0,0
A709,C161,2022-02-28,P17,Clothing,2,2985.17,North,7,0,0
A710,C162,2022-02-28,P1,Home,4,537.19,West,6,1,0
A711,C124,2022-10-31,P18,Mobile,3,2211.82,East,6,0,1
A712,C155,2022-06-18,P17,Electronics,5,956.45,South,6,0,0
A713,C132,2022-09-26,P15,Clothing,2,4936.79,South,8,0,0
A714,C137,2022-12-29,P11,Clothing,2,2849.64,North,1,0,0
A715,C105,2022-02-14,P13,Home,3,3468.44,West,5,0,0
A716,C157,2022-12-11,P1,Home,3,1694.55,North,3,0,0
A717,C143,2022-06-30,P17,Clothing,4,564.22,North,8,0,0
A718,C144,2022-06-19,P6,Home,1,4881.77,West,6,0,0
A719,C131,2022-12-22,P4,Clothing,0,1502.67,East,2,0,0
A720,C144,2022-07-10,P16,Clothing,1,2176.66,South,7,0,0
A721,C160,2022-06-04,P15,Clothing,4,3284.33,East,7,0,0
A722,C146,2022-07-07,P15,Mobile,3,221.02,West,5,0,0
A723,C120,2022-01-07,P6,Home,4,4070.27,West,8,1,1
A724,C179,2022-05-13,P15,Electronics,1,2729.23,South,5,0,0
A725,C184,2022-08-23,P14,Electronics,5,1463.26,East,1,0,0
A726,C174,2022-02-14,P11,Home,3,401.88,South,9,0,0
A727,C135,2022-11-10,P7,Clothing,4,896.24,North,4,0,0
A728,C198,2022-09-06,P9,Electronics,4,4485.67,North,2,0,0
A729,C118,2022-01-31,P16,Electronics,4,3461.52,North,4,0,0
A730,C119,2022-01-23,P5,Home,1,1324.52,East,9,1,0
A731,C156,2022-06-09,P10,Electronics,4,421.44,North,2,0,0
A732,C117,2022-12-29,P18,Clothing,3,3484.02,South,4,1,1
A733,C146,2022-06-07,P3,Home,2,2904.8,East,2,1,0
A734,C148,2022-02-08,P13,Clothing,5,2082.15,South,5,1,0
A735,C113,2022-03-23,P11,Electronics,4,1881.7,West,3,0,0
A736,C114,2022-12-22,P17,Electronics,3,1162.39,East,2,0,0
A737,C130,2022-09-15,P13,Clothing,4,3381.1,South,9,0,0
A738,C100,2022-07-25,P6,Mobile,4,4856.27,South,5,0,1
A739,C153,2022-03-18,P17,Electronics,3,961.0,East,5,0,0
A740,C102,2022-01-12,P13,Mobile,1,3025.87,West,1,0,0
A741,C115,2022-10-22,P19,Electronics,2,2178.51,East,6,0,1
A742,C186,2022-08-12,P19,Mobile,0,2288.77,North,7,1,0
A743,C156,2022-01-13,P10,Mobile,4,1345.32,North,1,0,0
A744,C174,2022-02-15,P3,Mobile,1,4143.16,West,9,0,0
A745,C111,2022-06-04,P14,Clothing,5,2477.75,South,8,0,0
A746,C173,2022-04-23,P19,Mobile,1,2762.69,South,8,0,0
A747,C195,2022-08-21,P5,Mobile,4,1593.33,South,7,0,0
A748,C115,2022-01-17,P5,Mobile,1,990.86,East,5,1,0
A749,C171,2022-12-26,P17,Electronics,6,520.96,East,3,0,0
A750,C175,2022-08-11,P10,Mobile,4,3599.18,West,9,0,0
A751,C123,2022-12-20,P5,Electronics,1,1061.55,North,7,0,0
A752,C127,2022-07-07,P4,Mobile,3,3481.37,South,8,0,0
A753,C107,2022-12-10,P6,Mobile,3,2012.84,North,6,0,0
A754,C191,2022-12-31,P4,Clothing,4,2137.3,East,5,0,0
A755,C135,2022-06-12,P7,Electronics,2,2398.97,East,8,0,0
A756,C189,2022-11-22,P7,Mobile,4,1901.77,East,3,0,0
A757,C107,2022-03-15,P18,Electronics,3,593.04,North,7,0,1
A758,C157,2022-08-21,P3,Electronics,3,1617.2,West,2,0,0
A759,C159,2022-08-12,P1,Home,2,3352.3,West,3,1,0
A760,C149,2022-11-15,P4,Clothing,4,3362.34,East,2,0,1
A761,C127,2022-03-01,P6,Clothing,3,1502.5,South,5,0,0
A762,C191,2022-12-01,P9,Clothing,1,2354.5,North,7,0,0
A763,C140,2022-08-10,P14,Home,1,1047.89,East,1,1,0
A764,C199,2022-02-06,P12,Home,2,1130.82,North,9,1,0
A765,C163,2022-10-05,P4,Clothing,2,212.93,North,1,0,0
A766,C126,2022-07-15,P12,Home,1,4494.06,West,1,0,0
A767,C162,2022-12-18,P10,Home,6,1132.46,East,8,0,0
A768,C116,2022-08-30,P7,Home,2,1214.92,West,6,0,0
A769,C172,2022-11-20,P3,Clothing,5,1470.05,East,6,0,0
A770,C132,2022-08-07,P14,Clothing,7,724.3,North,9,0,0
A771,C183,2022-07-11,P10,Clothing,5,3232.39,West,4,0,0
A772,C176,2022-01-17,P16,Home,4,468.2,North,8,1,0
A773,C191,2022-01-12,P16,Clothing,3,757.59,East,4,0,1
A774,C128,2022-07-12,P10,Home,4,3259.31,South,2,0,0
A775,C112,2022-01-22,P13,Mobile,1,1764.34,West,8,0,0
A776,C145,2022-04-30,P6,Home,2,3568.94,West,7,0,0
A777,C134,2022-07-29,P12,Electronics,4,2831.38,North,4,0,1
A778,C105,2022-11-02,P9,Clothing,1,1354.5,North,9,0,0
A779,C181,2022-09-27,P13,Clothing,4,3289.06,South,9,0,0
A780,C168,2022-07-11,P4,Electronics,6,669.74,West,8,0,1
A781,C146,2022-06-24,P11,Home,3,2728.41,East,1,0,1
A782,C124,2022-10-12,P18,Mobile,1,2242.03,East,7,0,0
A783,C165,2022-07-23,P11,Electronics,2,1412.58,West,5,0,0
A784,C109,2022-06-13,P4,Electronics,4,3059.62,West,7,0,0
A785,C155,2022-09-08,P18,Home,3,4369.53,West,9,0,1
A786,C129,2022-08-15,P1,Clothing,1,4994.63,South,2,0,0
A787,C104,2022-01-07,P7,Home,7,3078.04,East,4,0,1
A788,C132,2022-01-29,P6,Electronics,2,2083.06,East,4,0,0
A789,C164,2022-02-02,P15,Electronics,5,1203.51,North,2,0,0
A790,C117,2022-05-14,P18,Clothing,6,1359.77,North,3,0,0
A791,C195,2022-03-20,P11,Clothing,1,2449.33,West,8,1,0
A792,C148,2022-02-27,P15,Clothing,0,1899.66,North,9,0,0
A793,C110,2022-01-26,P16,Home,2,4577.69,South,6,0,0
A794,C184,2022-08-14,P7,Clothing,3,1904.65,East,2,0,0
A795,C125,2022-10-12,P10,Electronics,5,1929.88,East,2,0,0
A796,C162,2022-01-04,P12,Electronics,0,1979.32,North,7,0,0
A797,C188,2022-04-09,P14,Mobile,0,4199.44,West,8,0,0
A798,C185,2022-02-08,P5,Home,3,3288.86,North,8,0,0
A799,C158,2022-09-28,P18,Mobile,4,3109.43,West,6,0,0
A800,C126,2022-10-12,P5,Electronics,3,1737.3,South,8,1,0
A801,C148,2022-06-06,P3,Mobile,4,4107.73,East,1,0,1
A802,C176,2022-03-16,P5,Electronics,3,287.98,South,9,0,0
A803,C132,2022-10-15,P17,Mobile,5,4366.91,East,1,0,0
A804,C197,2022-05-10,P19,Clothing,6,2612.47,South,3,1,0
A805,C198,2022-06-24,P19,Mobile,3,2051.43,North,9,0,0
A806,C100,2022-03-25,P12,Clothing,4,2536.12,South,5,0,0
A807,C120,2022-01-22,P9,Clothing,1,3370.34,South,9,1,1
A808,C154,2022-01-27,P1,Home,3,162.55,North,9,0,1
A809,C105,2022-07-14,P18,Clothing,3,4370.6,East,6,0,0
A810,C191,2022-12-03,P4,Clothing,2,2289.02,East,1,0,0
A811,C180,2022-08-24,P10,Mobile,4,1780.54,North,7,0,0
A812,C168,2022-04-02,P7,Electronics,3,777.4,South,6,1,0
A813,C194,2022-01-21,P1,Home,5,2253.38,South,9,0,0
A814,C104,2022-10-30,P17,Clothing,3,2531.98,South,7,1,0
A815,C102,2022-12-23,P2,Home,3,2077.87,West,4,1,0
A816,C152,2022-03-25,P11,Mobile,2,3425.43,East,7,0,1
A817,C122,2022-09-19,P9,Clothing,0,2162.39,South,2,0,0
A818,C152,2022-05-27,P7,Mobile,4,4810.95,East,6,0,0
A819,C136,2022-09-14,P17,Home,3,3036.46,South,6,0,0
A820,C173,2022-02-27,P17,Mobile,2,4056.64,North,2,0,1
A821,C173,2022-01-15,P2,Home,4,635.84,North,4,0,0
A822,C182,2022-06-11,P6,Mobile,6,2046.73,East,8,0,0
A823,C116,2022-06-12,P14,Home,4,1750.55,East,8,0,0
A824,C184,2022-11-16,P6,Electronics,4,2890.46,North,8,0,0
A825,C177,2022-10-08,P2,Mobile,2,4319.46,West,8,1,0
A826,C172,2022-10-07,P1,Mobile,1,483.86,North,1,0,0
A827,C100,2022-01-12,P10,Electronics,1,455.62,South,2,1,0
A828,C150,2022-10-01,P5,Electronics,1,4266.56,West,4,0,0
A829,C144,2022-09-28,P2,Mobile,4,1142.97,North,9,0,1
A830,C176,2022-07-27,P16,Electronics,3,3376.89,West,3,0,0
A831,C103,2022-01-27,P2,Clothing,4,2760.1,West,6,0,0
A832,C161,2022-03-13,P10,Home,4,4181.18,West,7,0,0
A833,C164,2022-03-01,P2,Home,2,712.94,East,8,0,0
A834,C131,2022-05-25,P16,Home,6,735.94,North,7,0,0
A835,C133,2022-04-03,P16,Clothing,3,2828.41,East,3,0,1
A836,C191,2022-11-05,P19,Electronics,1,4737.26,East,6,0,1
A837,C194,2022-01-08,P7,Electronics,3,2133.49,South,5,0,0
A838,C171,2022-03-20,P12,Mobile,2,1702.02,South,4,0,0
A839,C138,2022-01-27,P15,Electronics,2,3072.78,West,1,0,0
A840,C125,2022-06-23,P8,Mobile,3,4659.2,West,7,1,0
A841,C133,2022-02-19,P6,Clothing,3,4200.95,South,8,1,0
A842,C153,2022-07-18,P10,Home,3,4977.87,South,2,1,0
A843,C102,2022-12-15,P3,Home,3,210.59,North,7,0,1
A844,C149,2022-06-30,P19,Home,6,653.0,West,6,0,0
A845,C111,2022-01-24,P17,Electronics,6,3086.39,West,5,0,0
A846,C164,2022-11-12,P7,Mobile,3,4120.82,South,4,0,1
A847,C153,2022-02-15,P4,Mobile,3,1497.7,North,2,0,0
A848,C104,2022-01-15,P14,Clothing,3,1272.13,South,6,0,0
A849,C193,2022-06-02,P15,Electronics,2,3956.18,South,5,0,0
A850,C193,2022-08-10,P8,Clothing,3,376.27,East,2,0,0
A851,C156,2022-07-25,P15,Mobile,3,1909.97,West,7,0,1
A852,C116,2022-09-30,P14,Mobile,3,2578.47,North,6,0,1
A853,C146,2022-08-24,P9,Home,1,2845.71,East,9,0,1
A854,C122,2022-12-06,P8,Electronics,4,3670.21,West,5,0,1
A855,C178,2022-08-16,P17,Mobile,1,1838.74,South,9,0,0
A856,C184,2022-01-09,P2,Home,4,3102.15,North,9,1,1
A857,C113,2022-06-15,P3,Electronics,2,2968.34,West,1,0,1
A858,C165,2022-11-15,P8,Clothing,2,2783.32,South,5,0,0
A859,C174,2022-08-02,P12,Electronics,5,3238.37,East,9,1,0
A860,C150,2022-04-27,P1,Electronics,4,1371.3,North,7,0,0
A861,C137,2022-12-10,P10,Mobile,1,514.78,West,6,0,0
A862,C163,2022-03-13,P3,Mobile,1,684.43,East,6,0,0
A863,C197,2022-03-05,P6,Electronics,5,1200.45,South,7,0,1
A864,C137,2022-07-24,P7,Mobile,3,2550.97,South,1,0,1
A865,C149,2022-07-28,P18,Mobile,1,4218.17,West,4,0,0
A866,C197,2022-03-13,P11,Mobile,1,3536.34,South,1,0,0
A867,C181,2022-10-04,P19,Home,5,3966.3,North,6,0,1
A868,C129,2022-10-01,P5,Home,4,1819.78,West,4,1,0
A869,C178,2022-11-16,P19,Electronics,4,2082.8,East,1,0,0
A870,C190,2022-12-04,P11,Mobile,1,2029.04,West,9,0,0
A871,C150,2022-04-05,P12,Home,0,1040.18,West,4,1,1
A872,C162,2022-06-15,P10,Electronics,4,399.96,East,6,0,1
A873,C197,2022-02-01,P8,Mobile,2,2995.49,South,7,0,0
A874,C151,2022-01-11,P9,Clothing,4,4947.16,East,8,0,0
A875,C137,2022-10-28,P4,Mobile,1,917.47,North,9,0,1
A876,C196,2022-08-05,P5,Mobile,1,328.76,South,9,0,0
A877,C187,2022-10-16,P8,Home,4,3919.71,West,8,0,0
A878,C178,2022-04-12,P9,Electronics,2,1337.67,South,3,0,0
A879,C129,2022-09-24,P15,Electronics,1,4165.25,South,2,0,0
A880,C150,2022-08-02,P15,Home,1,3549.29,North,5,0,0
A881,C180,2022-06-28,P16,Mobile,3,4733.8,South,1,1,0
A882,C104,2022-03-29,P14,Clothing,4,2103.74,South,3,0,1
A883,C128,2022-02-10,P8,Mobile,2,3343.65,South,1,0,0
A884,C103,2022-03-17,P18,Mobile,2,2377.79,West,3,0,1
A885,C109,2022-02-15,P10,Clothing,4,3189.88,South,4,0,1
A886,C155,2022-06-09,P6,Home,3,2303.03,East,7,0,0
A887,C116,2022-03-21,P12,Electronics,1,1024.3,South,5,0,0
A888,C173,2022-11-06,P2,Home,1,2588.7,North,5,0,0
A889,C116,2022-03-27,P7,Home,3,2690.06,South,1,0,0
A890,C183,2022-04-02,P16,Mobile,2,4071.96,South,8,0,0
A891,C187,2022-05-28,P3,Electronics,3,3704.05,West,4,0,0
A892,C168,2022-06-10,P13,Electronics,2,3352.58,East,5,1,0
A893,C133,2022-07-21,P3,Home,6,655.6,South,2,0,0
A894,C105,2022-08-30,P18,Clothing,7,3631.02,East,1,0,1
A895,C152,2022-12-19,P11,Home,4,2551.5,North,9,0,0
A896,C165,2022-01-02,P8,Clothing,2,4481.09,West,2,0,0
A897,C176,2022-08-13,P6,Electronics,2,4607.37,East,6,0,0
A898,C142,2022-10-16,P1,Home,0,370.27,West,1,0,1
A899,C174,2022-08-21,P1,Mobile,5,4121.14,South,1,0,0
A900,C122,2022-03-18,P8,Home,2,284.72,North,9,1,0
A901,C154,2022-04-26,P5,Electronics,4,1899.13,West,4,0,0
A902,C179,2022-06-03,P16,Mobile,4,2757.27,South,9,1,0
A903,C194,2022-04-13,P11,Mobile,4,825.69,East,5,0,1
A904,C174,2022-07-13,P5,Clothing,5,3756.94,North,7,0,0
A905,C115,2022-06-15,P4,Mobile,3,140.94,North,1,0,0
A906,C107,2022-12-25,P6,Mobile,3,926.14,East,6,0,0
A907,C103,2022-03-31,P14,Home,5,2945.9,East,8,0,1
A908,C103,2022-06-23,P19,Electronics,4,3600.5,North,1,0,0
A909,C155,2022-05-02,P9,Clothing,3,4591.55,West,9,0,1
A910,C124,2022-05-23,P12,Home,4,3556.93,North,3,0,0
A911,C166,2022-04-16,P11,Mobile,3,3391.72,East,1,1,0
A912,C195,2022-11-01,P14,Mobile,3,2032.27,West,1,0,0
A913,C166,2022-12-26,P16,Clothing,4,106.29,South,6,1,0
A914,C126,2022-11-13,P1,Electronics,3,688.78,North,6,0,0
A915,C192,2022-05-03,P13,Clothing,1,2719.32,East,1,1,1
A916,C131,2022-01-09,P13,Home,3,3408.14,South,3,0,0
A917,C149,2022-09-19,P2,Clothing,2,2145.5,North,7,0,1
A918,C160,2022-03-14,P4,Mobile,2,3680.33,North,3,0,0
A919,C150,2022-12-25,P6,Home,4,2657.13,West,3,0,0
A920,C118,2022-08-11,P5,Mobile,4,463.46,East,3,0,1
A921,C120,2022-02-10,P3,Electronics,1,1040.88,South,7,0,0
A922,C104,2022-07-23,P1,Mobile,7,4215.99,North,4,0,0
A923,C181,2022-09-21,P4,Mobile,3,3652.07,West,4,0,1
A924,C191,2022-11-24,P2,Clothing,2,4484.33,South,3,0,0
A925,C141,2022-06-27,P5,Mobile,6,676.03,South,9,0,0
A926,C160,2022-12-14,P3,Home,0,4952.09,North,2,0,1
A927,C121,2022-11-14,P9,Home,6,1126.09,South,4,1,0
A928,C120,2022-03-25,P6,Electronics,3,157.72,North,8,0,1
A929,C169,2022-11-14,P18,Home,3,4987.37,West,6,0,0
A930,C100,2022-04-21,P6,Clothing,5,1477.26,West,7,1,0
A931,C104,2022-09-08,P19,Electronics,5,3373.3,South,7,0,0
A932,C111,2022-01-07,P12,Home,2,965.74,North,2,0,0
A933,C189,2022-03-25,P11,Clothing,4,2943.12,East,4,0,0
A934,C145,2022-07-27,P2,Home,3,4529.77,West,6,0,1
A935,C133,2022-11-10,P15,Home,6,1668.89,North,3,0,0
A936,C148,2022-01-22,P12,Mobile,1,3384.24,North,9,0,0
A937,C177,2022-01-03,P12,Home,3,1020.73,North,4,0,0
A938,C189,2022-05-07,P9,Home,5,3161.5,South,2,0,0
A939,C144,2022-10-24,P2,Clothing,3,1748.61,East,6,0,0
A940,C126,2022-07-07,P3,Clothing,2,1134.92,South,1,1,0
A941,C172,2022-12-28,P12,Mobile,0,1634.59,West,6,0,0
A942,C125,2022-01-14,P16,Home,1,976.32,South,1,1,0
A943,C146,2022-01-12,P1,Mobile,4,4519.39,North,8,1,0
A944,C185,2022-03-28,P3,Home,6,2046.22,South,5,0,0
A945,C155,2022-01-12,P2,Electronics,2,1301.87,North,6,0,0
A946,C193,2022-01-25,P9,Electronics,4,2297.2,East,2,0,0
A947,C162,2022-10-28,P19,Mobile,1,1670.63,South,2,1,0
A948,C147,2022-08-31,P15,Mobile,1,3747.65,South,9,0,1
A949,C160,2022-05-02,P18,Mobile,9,4858.98,South,3,1,1
A950,C180,2022-05-27,P11,Clothing,2,2246.36,North,6,0,0
A951,C125,2022-02-24,P16,Clothing,2,4319.06,North,5,0,0
A952,C135,2022-08-26,P17,Clothing,3,2872.73,South,4,0,1
A953,C100,2022-12-22,P5,Mobile,4,870.45,South,2,0,0
A954,C107,2022-06-22,P12,Home,2,3484.05,East,8,0,0
A955,C198,2022-08-09,P11,Electronics,1,2615.83,East,7,0,0
A956,C151,2022-04-29,P15,Mobile,2,3287.97,West,2,0,0
A957,C178,2022-11-05,P3,Clothing,1,4459.47,East,6,0,0
A958,C146,2022-07-02,P1,Clothing,0,2258.13,East,8,1,0
A959,C155,2022-10-15,P16,Mobile,3,4515.77,East,7,1,0
A960,C185,2022-11-03,P2,Mobile,2,3778.28,North,1,0,0
A961,C113,2022-10-27,P2,Clothing,6,2494.16,East,5,0,1
A962,C189,2022-03-23,P3,Home,2,3055.79,East,2,0,0
A963,C127,2022-07-30,P8,Clothing,2,1695.35,South,6,0,0
A964,C186,2022-05-30,P15,Clothing,2,4919.63,North,7,0,0
A965,C177,2022-02-06,P7,Mobile,6,3370.02,West,7,0,0
A966,C187,2022-12-18,P6,Home,1,314.85,West,3,0,0
A967,C101,2022-11-08,P9,Clothing,4,1700.45,East,7,1,0
A968,C125,2022-12-27,P1,Clothing,4,3154.24,West,5,0,0
A969,C113,2022-02-28,P8,Electronics,2,376.03,West,8,0,0
A970,C158,2022-05-11,P3,Mobile,3,217.03,West,8,0,0
A971,C155,2022-07-21,P4,Electronics,0,2305.12,East,7,0,0
A972,C106,2022-08-31,P15,Electronics,3,1730.18,West,6,0,0
A973,C102,2022-02-04,P6,Clothing,4,2247.66,East,2,0,0
A974,C122,2022-04-03,P15,Mobile,2,1387.2,South,6,0,0
A975,C117,2022-07-26,P3,Home,4,907.12,South,9,1,0
A976,C137,2022-12-19,P14,Clothing,0,3476.8,West,2,0,0
A977,C198,2022-11-28,P14,Home,2,2621.4,South,1,1,0
A978,C114,2022-11-01,P4,Home,4,1080.76,East,5,0,0
A979,C163,2022-12-16,P12,Mobile,4,1665.99,South,6,1,0
A980,C188,2022-08-01,P17,Electronics,2,2999.86,West,3,0,1
A981,C127,2022-06-08,P7,Mobile,3,453.92,East,8,0,1
A982,C173,2022-01-24,P9,Home,4,822.52,North,7,0,0
A983,C138,2022-10-20,P3,Clothing,4,458.9,East,2,0,0
A984,C156,2022-01-04,P13,Home,3,4080.35,South,7,0,0
A985,C116,2022-08-08,P15,Clothing,3,3786.81,North,1,0,0
A986,C185,2022-12-30,P18,Clothing,3,3791.23,East,9,0,0
A987,C189,2022-01-20,P19,Mobile,2,3609.99,North,7,0,0
A988,C143,2022-06-01,P1,Home,3,3379.99,North,6,1,0
A989,C124,2022-02-19,P6,Electronics,4,2437.26,North,2,0,0
A990,C116,2022-06-26,P2,Home,5,3247.16,East,3,0,0
A991,C112,2022-04-06,P14,Home,5,287.97,South,1,0,0
A992,C183,2022-04-15,P6,Electronics,1,3145.18,East,5,0,0
A993,C124,2022-09-07,P14,Mobile,5,3911.6,South,9,0,0
A994,C167,2022-04-27,P4,Home,4,2551.76,East,6,0,0
A995,C109,2022-12-20,P8,Home,2,1851.82,East,5,0,0
A996,C166,2022-08-16,P3,Clothing,2,1459.39,East,3,0,0
A997,C117,2022-03-07,P19,Home,1,3249.73,South,5,0,0
A998,C199,2022-12-01,P14,Electronics,3,3494.73,East,8,0,0
A999,C185,2022-09-19,P17,Clothing,5,4367.74,North,2,0,0
